id,area,name,address,postcode
2,Marketing,Evie Godfrey van Alemannië-Smits,"1808 KR, Benningbroek",1808 KR
10,Marketing,Rosa Kuipers,"Jetlaan 816, 8779 EM, Holwierde",8779 EM
13,Marketing,Azra de Grunt,"4893 FF, Oss",4893 FF
16,Marketing,Dani Rijcken,"Nadiaring 992, 6189 BM, Slagharen",6189 BM
19,Marketing,Esmee Wipstrik,"7766 ZG, Overveen",7766 ZG
22,Marketing,Pieter van Dommelen,"7245 NT, Heeze",7245 NT
23,Marketing,Emir Breugelensis,"2764 NQ, Terherne",2764 NQ
28,Marketing,Thijs Gruijl,"Mustafaweg 488, 9748 BY, Taarlo",9748 BY
58,Marketing,Phileine Huurdeman,"1849 ZL, Sonnega",1849 ZL
61,Marketing,Azra Claesner,"Aliciaring 665, 9673 IW, Windraak",9673 IW
64,Marketing,Luka Honing-Velderman,"Michaelpad 580, 8046 PC, Oost West en Middelbeers",8046 PC
65,Marketing,Joris Eelman,"3031 QF, Hengelo (Gld)",3031 QF
70,Marketing,Mara van der Ven,"1383 PV, Kapelle",1383 PV
74,Marketing,Laura Beijring-Broek,"1075 IH, Hedikhuizen",1075 IH
85,Marketing,Jack van de Ven,"Rafboulevard 8, 8369 HA, Wetsens",8369 HA
86,Marketing,Matthias Heinrichs,"Wouterlaan 310, 5715 FY, Zenderen",5715 FY
89,Marketing,Jordy Kosten,"4530 IS, Sint Anthonis",4530 IS
95,Marketing,Maurits de Pauw-van de Velde,"Luuklaan 729, 1004 CX, Sint Maartensbrug",1004 CX
98,Marketing,Mohammed de Mol,"9401 UO, Haulerwijk",9401 UO
110,Marketing,Britt Risma,"Wesleyring 2, 8737 ZN, Roggel",8737 ZN
117,Marketing,Stefan Geldens,"6371 NU, Eagum",6371 NU
125,Marketing,Ella Boddaugh,"2660 FA, Harbrinkhoek",2660 FA
127,Marketing,Mark Bolkesteijn,"Demidreef 8, 7535 LE, Gellicum",7535 LE
132,Marketing,Jonas Takkelenburg,"7439 AF, Alteveer gem Hoogeveen",7439 AF
150,Marketing,Femke Goyaerts van Waderle,"9083 EO, Sprang-Capelle",9083 EO
152,Marketing,Quinty Bruijne van der Veen,"4158 HQ, Tzum",4158 HQ
166,Marketing,Evy van Gemert,"1363 VZ, Jelsum",1363 VZ
178,Marketing,Olaf de Keijser,"2373 KH, Ledeacker",2373 KH
184,Marketing,Kai Lafleur,"Yarasteeg 3, 1042 JK, Meerkerk",1042 JK
185,Marketing,Ayden Maaswinkel,"6427 KH, Eck en Wiel",6427 KH
186,Marketing,Evi Claesdr,"Pimlaan 2, 4405 BJ, Grevenbicht",4405 BJ
190,Marketing,Jayda van de Brink,"Isabelboulevard 678, 7046 UC, Scharmer",7046 UC
191,Marketing,Naud Blokland,"Jacksingel 78, 3829 RX, Hoek",3829 RX
195,Marketing,Tijs VI,"Hiddestraat 10, 3858 DM, Woldendorp",3858 DM
212,Marketing,Loek Blaak,"7736 AR, Toornwerd",7736 AR
213,Marketing,Jari Overdijk-van de Berg,"2057 JX, Megen",2057 JX
215,Marketing,Myrthe de Plantard,"1165 XY, De Bult",1165 XY
219,Marketing,Michael Billung,"Zoeyhof 93, 1935 HC, Ossenwaard",1935 HC
220,Marketing,Jan Velderman,"Thomashof 947, 9573 OR, Smakt",9573 OR
225,Marketing,Lily Schilt-Steenbakkers,"3249 ZT, Farmsum",3249 ZT
226,Marketing,Maurits de Bruin,"Xavisteeg 8, 7625 BF, Sondel",7625 BF
230,Marketing,Helena Welf-Huls,"Benjaminpad 02, 5064 KZ, Wjelsryp",5064 KZ
235,Marketing,Aron Dubois-van Hamaland,"Maraboulevard 490, 3061 AN, Spanbroek",3061 AN
242,Marketing,Evy Stook,"7228 UV, Doniaga",7228 UV
245,Marketing,Angelina Le Grand-Vrancken,"5815 UA, Ellertshaar",5815 UA
246,Marketing,Noud Merckx,"Miabaan 4, 1546 ZT, Nijbroek",1546 ZT
252,Marketing,Raf Manne,"4120 II, Lemelerveld",4120 II
253,Marketing,Jamie van der Sande,"6453 IQ, Klooster Lidlum",6453 IQ
254,Marketing,Ties Genefaas,"Timodreef 4, 8875 PX, Dussen",8875 PX
266,Marketing,Ibrahim Eijkelboom-van Orleans,"Joshuabaan 1, 1377 KT, Boer",1377 KT
280,Marketing,Imke Manne,"6412 YG, Demen",6412 YG
283,Marketing,Nick Klerks,"Sarasteeg 6, 6987 DJ, Snikzwaag",6987 DJ
288,Marketing,Aya Ligtvoet,"1699 YX, Castelre",1699 YX
295,Marketing,Sami Carnotte,"4410 EA, Kropswolde",4410 EA
313,Marketing,Evi Flink-Geneart,"8715 XR, Kommerzijl",8715 XR
315,Marketing,Siem Klein,"6587 WG, Ellewoutsdijk",6587 WG
320,Marketing,Aaron Scardino,"1397 YV, Oranje",1397 YV
325,Marketing,Bo Soos-Huurdeman,"Megandreef 0, 1457 IU, Lemmer",1457 IU
326,Marketing,James Coolen,"7999 MD, Mook",7999 MD
327,Marketing,Dylan de Wit-de Bruijn,"Ayasteeg 4, 6535 VA, Aalsmeerderbrug",6535 VA
338,Marketing,Emily de Nijs,"6661 RY, Brandwijk",6661 RY
348,Marketing,Fay van Dokkum,"Casperdreef 0, 8450 UL, Katwoude",8450 UL
350,Marketing,Fay Kirpenstein,"3828 DI, Westerland",3828 DI
359,Marketing,Anna van Egisheim,"Angelinabaan 489, 2981 IT, Nieuw-Beijerland",2981 IT
361,Marketing,Indy Vastenhouw,"5122 NK, Renkum",5122 NK
363,Marketing,Pien Lafleur,"1342 QU, Maasbree",1342 QU
364,Marketing,Sven Jaceps,"Daandreef 97, 3834 OC, Wichmond",3834 OC
368,Marketing,Lara van Vlaanderen-van de Darnau,"5404 FP, Muiden",5404 FP
370,Marketing,Pippa Geertsen,"3865 KM, Koudekerke",3865 KM
376,Marketing,Damian van de Velden,"Kianboulevard 711, 6806 EI, Westknollendam",6806 EI
378,Marketing,Lotte Scuylenborchs,"Tylerweg 431, 2986 BN, Babyloniënbroek",2986 BN
381,Marketing,Liz Joosten,"Lizzyboulevard 0, 5706 LA, Heerlen",5706 LA
396,Marketing,Esmée Marchand-Kathagen,"Thijmenlaan 59, 9650 RZ, Twello",9650 RZ
410,Marketing,Yara van Wel,"Quinnsteeg 939, 7289 ZR, Bad Nieuweschans",7289 ZR
414,Marketing,Mike Terry-van Venrooy,"Joëlring 7, 9591 VV, Almkerk",9591 VV
427,Marketing,Jens Appelman,"8281 PN, Zutphen",8281 PN
431,Marketing,Dean Kas,"3064 SA, Born",3064 SA
436,Marketing,Julia Hulshouts-Kallen,"1611 PR, Oudeschans",1611 PR
446,Marketing,Maya van Wessex,"7887 PE, Laren",7887 PE
452,Marketing,Mustafa Willems,"8676 FG, Peest",8676 FG
460,Marketing,Valerie Smits,"2974 AP, Blokker",2974 AP
462,Marketing,Xavi de Jong,"Beaupad 85, 5929 BH, Sint Pancras",5929 BH
471,Marketing,Amira van Alenburg,"Sethpad 42, 5977 NM, Klooster Lidlum",5977 NM
475,Marketing,Xavi de Werd,"1295 PP, Naaldwijk",1295 PP
476,Marketing,Joshua Bruynzeels-Bresé,"5632 WD, Uitwellingerga",5632 WD
481,Marketing,Pieter de Gruson,"2096 FH, Noordwijkerhout",2096 FH
490,Marketing,Koen Everts,"4521 QG, Aldtsjerk",4521 QG
491,Marketing,Jill Ferran,"Matthijssteeg 0, 2990 TG, Sappemeer",2990 TG
492,Marketing,Isa van Luyssel,"Feddehof 39, 8477 IC, Eys",8477 IC
505,Marketing,Robin van der Stael-Diesbergen,"2862 ZC, Ledeacker",2862 ZC
520,Marketing,Robin Thatcher-Jansen,"1476 SG, Bierum",1476 SG
525,Marketing,Evelien van Rooij,"5226 ZN, Schiphol-Rijk",5226 ZN
528,Marketing,Bjorn Smith,"Evapad 130, 9174 IX, Ubbena",9174 IX
536,Marketing,Ali Rademaker-Hehl,"Mickweg 35, 2486 HB, Vijlen",2486 HB
537,Marketing,Féline Wijland,"9973 LF, Oostwoud",9973 LF
538,Marketing,Koen Jonkman,"7736 WK, Zweeloo",7736 WK
549,Marketing,Michael Spanhaak,"1794 IO, Witte Paarden",1794 IO
564,Marketing,Cornelia van Santen-Wigman,"Lexhof 7, 1296 KP, Woldendorp",1296 KP
565,Marketing,Roos Vos,"1564 FW, Beesd",1564 FW
566,Marketing,Marinus die Witte,"5886 OM, Neerijnen",5886 OM
568,Marketing,Myrthe Weyland,"Mariaweg 97, 7897 OI, Goutum",7897 OI
569,Marketing,Joey Romijn-Goedhart,"Sennapad 054, 6748 IC, Hoensbroek",6748 IC
577,Marketing,Luca Glasses-Aertsz,"3487 EG, Luyksgestel",3487 EG
581,Marketing,Sepp de Pauw-van der Velden,"6719 UJ, Riethoven",6719 UJ
582,Marketing,Merle Klomp Jan,"6540 HF, Engwierum",6540 HF
584,Marketing,Sil Fremie,"7209 YJ, Hapert",7209 YJ
585,Marketing,Noah Le Marec-de Haan,"5391 QJ, Scharendijke",5391 QJ
586,Marketing,Elisa Rehorst-Vermeulen,"7234 CC, Goes",7234 CC
588,Marketing,Julia Huijs,"1819 CJ, Bemmel",1819 CJ
590,Marketing,Sam Schilt-Dennenberg,"Benbaan 505, 8724 SW, Heeswijk-Dinther",8724 SW
595,Marketing,Veerle Bekbergen,"2533 AS, Waterhuizen",2533 AS
597,Marketing,Lucy Koret,"7228 JR, Zeeland",7228 JR
600,Marketing,Dex Eelman,"8880 OV, Nijeholtpade",8880 OV
603,Marketing,Jim Schipper,"7702 LP, Koudum",7702 LP
606,Marketing,Ninthe van Berkel,"9769 IZ, Bentveld",9769 IZ
607,Marketing,Gijs Timmermans,"Lottesingel 7, 8991 BC, Dearsum",8991 BC
612,Marketing,Stijn Mathieu,"5135 RO, Vledderveen",5135 RO
615,Marketing,Jolijn Fredriks-Overeem,"3849 CH, Obbicht",3849 CH
622,Marketing,Benjamin Heijmans-Cornelisse,"9074 QH, Den Bommel",9074 QH
626,Marketing,Adriana de Roos,"2328 WD, Geerdijk",2328 WD
629,Marketing,Sander van der Noot,"Jolijnsingel 7, 7373 HP, Tuitjenhorn",7373 HP
630,Marketing,Thijs de Bruin-van Wel,"Ashleystraat 958, 3410 XJ, Rouveen",3410 XJ
633,Marketing,Thom Knuf,"Catolaan 94, 1179 WN, Balgoij",1179 WN
638,Marketing,Linde Bresé,"Jaydenstraat 01, 2713 YF, Twijzel",2713 YF
639,Marketing,Faye Steenbakkers,"1383 BV, Asten",1383 BV
651,Marketing,Linn Thout,"Rikweg 540, 8021 RB, Cromvoirt",8021 RB
654,Marketing,Marijn Charon,"Berathof 75, 4264 UU, Enspijk",4264 UU
655,Marketing,Merle Otto,"1485 TG, Houwerzijl",1485 TG
666,Marketing,Silke Berendse,"1624 QZ, Knegsel",1624 QZ
676,Marketing,Azra Jansen,"4816 BQ, Ohé en Laak",4816 BQ
678,Marketing,Feline Hoeks-Wouters van Eijndhoven,"Chloëboulevard 45, 9303 NY, Hoorn",9303 NY
692,Marketing,Amélie van Susa,"2569 HN, Raamsdonk",2569 HN
693,Marketing,Joshua Jansen-Marchal,"5889 UD, Pesse",5889 UD
694,Marketing,Chris Peronne,"Brampad 3, 2139 DG, Eagum",2139 DG
703,Marketing,Kick Schenk,"4784 KL, Garmerwolde",4784 KL
710,Marketing,Vincent Beijring-Godfrey van Alemannië,"2883 HU, Bitgum",2883 HU
711,Marketing,Vera van Dokkum,"Mettering 74, 7315 VE, Dalfsen",7315 VE
713,Marketing,Ties van Vlaanderen,"1019 JA, Saaksum",1019 JA
716,Marketing,Marinus Elberts,"Aydenstraat 9, 3407 AP, Ter Aar",3407 AP
721,Marketing,Leon Bolkesteijn,"Julianstraat 8, 2106 CU, Ell",2106 CU
726,Marketing,Sienna Drysdale-Elbertse,"4809 QU, Nispen",4809 QU
728,Marketing,Stan van Breukelveen,"1276 VJ, Ruinerwold",1276 VJ
735,Marketing,Ella van Loon-Wigman,"4679 PW, Midwolde",4679 PW
738,Marketing,Joël Brizee,"2864 CS, De Bult",2864 CS
743,Marketing,Imke d' Heripon,"Zoëhof 37, 8206 PV, Westkapelle",8206 PV
750,Marketing,Jip Schenkel-Bruijne van der Veen,"8326 NW, Epse",8326 NW
753,Marketing,Zara Le Grand,"6805 JX, Chaam",6805 JX
756,Marketing,Tess Woudenberg-Latier,"5167 LR, Wintelre",5167 LR
765,Marketing,Isa Bloemendaal,"Aminaboulevard 9, 3632 NX, Harich",3632 NX
767,Marketing,Aron Schrik,"Ayabaan 2, 3444 NJ, Nederasselt",3444 NJ
783,Marketing,Lynn Jansdr,"Faysingel 06, 3196 MA, Wilsum",3196 MA
787,Marketing,Saar d' Heripon,"3043 RD, Nunhem",3043 RD
788,Marketing,Julius Scardino,"1501 RQ, Strijbeek",1501 RQ
797,Marketing,Mila van Formbach,"6903 BN, Waardhuizen",6903 BN
798,Marketing,Floris Glasses-Shupe,"7938 MU, Teuge",7938 MU
808,Marketing,Suus Boddaugh,"Matsweg 6, 8044 JN, Teerns",8044 JN
812,Marketing,Leah Pauwels,"3220 WD, Tjalleberd",3220 WD
814,Marketing,Ruben Postma,"Elizahof 2, 6452 BP, Alteveer gem Hoogeveen",6452 BP
816,Marketing,Jennifer Riem-van Breukelveen,"Stanweg 45, 6389 OE, Budel-Dorplein",6389 OE
818,Marketing,Simon van Stralen-de Koning,"6636 RU, Netersel",6636 RU
823,Marketing,Maryam Bernaards,"5328 QJ, Haastrecht",5328 QJ
825,Marketing,Jayda Everts,"1344 EO, Ossendrecht",1344 EO
830,Marketing,Jari Kremer,"Ninthering 548, 3708 AI, Mookhoek",3708 AI
834,Marketing,Joëlle Prins,"Imransingel 20, 7279 WQ, Stiens",7279 WQ
835,Marketing,Amir Soos-Kisman,"Meikering 7, 7174 DQ, Kolhorn",7174 DQ
844,Marketing,Michelle Reijers,"4691 IS, Boijl",4691 IS
855,Marketing,Jenna Jdotte,"Benboulevard 84, 1656 KJ, Puth",1656 KJ
856,Marketing,Rosalie Smeets,"Masonbaan 680, 6707 IR, Neeritter",6707 IR
859,Marketing,Evy van Mook,"9286 WX, Rockanje",9286 WX
863,Marketing,Luuk Huberts,"Isalaan 328, 4673 YB, Steyl",4673 YB
865,Marketing,Jelle Schwartsbach-Dekker,"1270 XV, Vlieland",1270 XV
867,Marketing,Benthe Vos-Thout,"Olafsingel 296, 7599 JU, Zegveld",7599 JU
877,Marketing,Teun Janssen-Bave,"5053 BN, Nieuwersluis",5053 BN
879,Marketing,Marinus Kalman-van der Pol,"Lottehof 279, 1664 CZ, Burgum",1664 CZ
882,Marketing,Puck Huisman-Mol,"6928 HK, Zuiddorpe",6928 HK
884,Marketing,Siem Poncelet-de Gruil,"Leonsingel 834, 3698 VF, Sint Joost",3698 VF
899,Marketing,Emir Uphaus,"Sylviehof 078, 4996 SS, Zeijen",4996 SS
900,Marketing,Jordy Hellevoort-Reimes,"3423 SK, Ursem",3423 SK
901,Marketing,Jason van Dommelen,"9075 LH, Doldersum",9075 LH
903,Marketing,Evie Geneart,"5110 HC, Teroele",5110 HC
918,Marketing,Lukas Kamp,"2019 TH, Gelselaar",2019 TH
919,Marketing,Fem van der Stael-van Heusden,"3987 KP, Ommen",3987 KP
921,Marketing,Vigo Lagerweij,"Sterreweg 520, 9483 SF, Akersloot",9483 SF
924,Marketing,Jason de Gruijter,"9773 TQ, Siebengewald",9773 TQ
945,Marketing,Lisanne Suijker,"3526 WY, Nuth",3526 WY
949,Marketing,Kian van Stralen-Schagen,"Jetweg 9, 3316 KU, Elahuizen",3316 KU
952,Marketing,Jake Nijman-Bartels,"1550 WQ, Valburg",1550 WQ
959,Marketing,Bram Wensen-van de Wal,"8598 OI, Eexterveenschekanaal",8598 OI
961,Marketing,Nick Buijs,"Simonweg 584, 8254 DF, Hee",8254 DF
966,Marketing,Bram Kirpenstein,"Siennadreef 261, 4471 XG, Rossum",4471 XG
970,Marketing,Jaylinn Kramer-Cornelisz,"7603 AS, Zandvoort",7603 AS
978,Marketing,Maurits Bosman,"1247 MU, Wieringerwerf",1247 MU
979,Marketing,Yusuf Beernink,"1373 PZ, Merkelbeek",1373 PZ
980,Marketing,Naomi de Boer,"5386 OR, Oosterwolde",5386 OR
981,Marketing,Rosalie Kuijpers-Lamore,"Sarabaan 27, 9347 MZ, Babberich",9347 MZ
984,Marketing,Robin Aeije,"6604 AT, Wolfheze",6604 AT
988,Marketing,Thom van Maaren,"Maryamstraat 24, 6765 QC, Oosthuizen",6765 QC
996,Marketing,Jinthe Cant,"Amirasteeg 0, 5954 GN, Wijnbergen",5954 GN
